{"cameraMode":{"drawMode":0,"name":"Shaded","section":"Shading Mode"},"sceneLighting":false,"audioPlay":false,"sceneViewState":{"showFog":true,"showMaterialUpdate":false,"showSkybox":false,"showFlares":true,"showImageEffects":true,"showParticleSystems":true},"in2DMode":false,"pivot":{"x":-1.6391277313232423e-7,"y":0.2657361626625061,"z":-0.014620333909988404},"rotation":{"x":-0.031070703640580179,"y":0.967832088470459,"z":-0.1516227126121521,"w":-0.19841280579566956},"size":0.720572829246521,"orthographic":false}