{"cameraMode":{"drawMode":0,"name":"Shaded","section":"Shading Mode"},"sceneLighting":false,"audioPlay":false,"sceneViewState":{"showFog":true,"showMaterialUpdate":false,"showSkybox":false,"showFlares":true,"showImageEffects":true,"showParticleSystems":true},"in2DMode":false,"pivot":{"x":0.0,"y":1.2554030418395997,"z":5.960464477539063e-8},"rotation":{"x":0.02193041890859604,"y":-0.9503400325775147,"z":0.30274176597595217,"w":0.06882305443286896},"size":6.693518161773682,"orthographic":false}