{"cameraMode":{"drawMode":0,"name":"Shaded","section":"Shading Mode"},"sceneLighting":true,"audioPlay":false,"sceneViewState":{"showFog":true,"showMaterialUpdate":false,"showSkybox":false,"showFlares":true,"showImageEffects":true,"showParticleSystems":true},"in2DMode":false,"pivot":{"x":66.08377838134766,"y":1.91513991355896,"z":-91.79718780517578},"rotation":{"x":-0.049062084406614307,"y":0.6881316900253296,"z":-0.04673353210091591,"w":-0.7224155068397522},"size":1.2224717140197755,"orthographic":false}