{"cameraMode":{"drawMode":0,"name":"Shaded","section":"Shading Mode"},"sceneLighting":false,"audioPlay":false,"sceneViewState":{"showFog":true,"showMaterialUpdate":false,"showSkybox":false,"showFlares":true,"showImageEffects":true,"showParticleSystems":true},"in2DMode":false,"pivot":{"x":-0.0008115768432617188,"y":1.5952868461608887,"z":0.02434849739074707},"rotation":{"x":0.5061399936676025,"y":0.027687860652804376,"z":-0.01625470258295536,"w":0.861863911151886},"size":14.021236419677735,"orthographic":false}