{"cameraMode":{"drawMode":0,"name":"Shaded","section":"Shading Mode"},"sceneLighting":true,"audioPlay":false,"sceneViewState":{"showFog":true,"showMaterialUpdate":false,"showSkybox":true,"showFlares":true,"showImageEffects":true,"showParticleSystems":true},"in2DMode":false,"pivot":{"x":-119.36000061035156,"y":0.6290000677108765,"z":51.81999969482422},"rotation":{"x":0.0945294052362442,"y":-0.05405079200863838,"z":0.005136262625455856,"w":0.9940520524978638},"size":5.955310821533203,"orthographic":false}